Path,URL,Size in bytes (optional but recommended),MD5 Hash (optional but recommended),Filter Terms (optional),Overwrite (optional),Comments (optional)
docs/N64/Manuals/!!System Manual (Nintendo 64).pdf,https://archive.org/download/mister-manuals/1996_Nintendo%2064.zip/1996_Nintendo%2064%2F%21%21System%20Manual%20%28Nintendo%2064%29.pdf,1644085,95d8e08d59ad5bbb918c2b2ca788831f,,,!!System Manual (Nintendo 64).pdf
docs/N64/Manuals/!Operation Cards (Nintendo 64).pdf,https://archive.org/download/mister-manuals/1996_Nintendo%2064.zip/1996_Nintendo%2064%2F%21Operation%20Cards%20%28Nintendo%2064%29.pdf,3937143,6e5ed8b15593e079f6659a3a45bf0c33,,,!Operation Cards (Nintendo 64).pdf
docs/N64/Manuals/![Comic] Superman.pdf,https://archive.org/download/mister-manuals/1996_Nintendo%2064.zip/1996_Nintendo%2064%2F%21%5BComic%5D%20Superman.pdf,2061364,bc6511e0c403cb69c2f57f29d4783f10,,,![Comic] Superman.pdf
docs/N64/Manuals/![Map] Cruis'n USA.pdf,https://archive.org/download/mister-manuals/1996_Nintendo%2064.zip/1996_Nintendo%2064%2F%21%5BMap%5D%20Cruis%27n%20USA.pdf,446546,03e75c91ab71c6a7b294176dc6b7a738,,,![Map] Cruis'n USA.pdf
docs/N64/Manuals/![Note] Turok 2 - Seeds of Evil.pdf,https://archive.org/download/mister-manuals/1996_Nintendo%2064.zip/1996_Nintendo%2064%2F%21%5BNote%5D%20Turok%202%20-%20Seeds%20of%20Evil.pdf,69804,72daddc180d433f023bc08f913b7ea20,,,![Note] Turok 2 - Seeds of Evil.pdf
docs/N64/Manuals/007 - The World is Not Enough.pdf,https://archive.org/download/mister-manuals/1996_Nintendo%2064.zip/1996_Nintendo%2064%2F007%20-%20The%20World%20is%20Not%20Enough.pdf,2389139,962cf034d10f5d63cc1161b8dad0382b,,,007 - The World is Not Enough.pdf
docs/N64/Manuals/1080 Snowboarding.pdf,https://archive.org/download/mister-manuals/1996_Nintendo%2064.zip/1996_Nintendo%2064%2F1080%20Snowboarding.pdf,2829208,ad9f7296a0d0fa4e4ee86f3cf7867bf2,,,1080 Snowboarding.pdf
docs/N64/Manuals/Aero Fighters Assault.pdf,https://archive.org/download/mister-manuals/1996_Nintendo%2064.zip/1996_Nintendo%2064%2FAero%20Fighters%20Assault.pdf,2868941,bf9e3465f148aa7b2f2874a9321be38e,,,Aero Fighters Assault.pdf
docs/N64/Manuals/Aero Gauge.pdf,https://archive.org/download/mister-manuals/1996_Nintendo%2064.zip/1996_Nintendo%2064%2FAero%20Gauge.pdf,3541889,6fbf09da2e5a9728123ceebf02842e3b,,,Aero Gauge.pdf
docs/N64/Manuals/Aidyn Chronicles - The First Mage.pdf,https://archive.org/download/mister-manuals/1996_Nintendo%2064.zip/1996_Nintendo%2064%2FAidyn%20Chronicles%20-%20The%20First%20Mage.pdf,3279997,0641d6693bc3eb368132b6ac343272e7,,,Aidyn Chronicles - The First Mage.pdf
docs/N64/Manuals/All Star Tennis 99.pdf,https://archive.org/download/mister-manuals/1996_Nintendo%2064.zip/1996_Nintendo%2064%2FAll%20Star%20Tennis%2099.pdf,1205656,3ed3282e51995e6f7b2a53448efa41f4,,,All Star Tennis 99.pdf
docs/N64/Manuals/All-Star Baseball 2000.pdf,https://archive.org/download/mister-manuals/1996_Nintendo%2064.zip/1996_Nintendo%2064%2FAll-Star%20Baseball%202000.pdf,2752676,54c73dd1c0e6510fb188150467263e51,,,All-Star Baseball 2000.pdf
docs/N64/Manuals/All-Star Baseball 2001.pdf,https://archive.org/download/mister-manuals/1996_Nintendo%2064.zip/1996_Nintendo%2064%2FAll-Star%20Baseball%202001.pdf,3124679,70a0929e3f8896fe3bb5712db0d9c673,,,All-Star Baseball 2001.pdf
docs/N64/Manuals/All-Star Baseball 99.pdf,https://archive.org/download/mister-manuals/1996_Nintendo%2064.zip/1996_Nintendo%2064%2FAll-Star%20Baseball%2099.pdf,2789765,e6e7edbd2025ef2a813746a806c1b759,,,All-Star Baseball 99.pdf
docs/N64/Manuals/Armorines - Project S.W.A.R.M..pdf,https://archive.org/download/mister-manuals/1996_Nintendo%2064.zip/1996_Nintendo%2064%2FArmorines%20-%20Project%20S.W.A.R.M..pdf,1721313,fda31c04485459e0e6255a6b32e3ee86,,,Armorines - Project S.W.A.R.M..pdf
docs/N64/Manuals/Army Men - Air Combat.pdf,https://archive.org/download/mister-manuals/1996_Nintendo%2064.zip/1996_Nintendo%2064%2FArmy%20Men%20-%20Air%20Combat.pdf,2594956,fad4230c2827810aa6d54448b41a9866,,,Army Men - Air Combat.pdf
docs/N64/Manuals/Army Men - Sarge's Heroes .pdf,https://archive.org/download/mister-manuals/1996_Nintendo%2064.zip/1996_Nintendo%2064%2FArmy%20Men%20-%20Sarge%27s%20Heroes%20.pdf,3343289,56fc791a43b6141c78297d8ccbfff2d1,,,Army Men - Sarge's Heroes .pdf
docs/N64/Manuals/Army Men - Sarge's Heroes 2.pdf,https://archive.org/download/mister-manuals/1996_Nintendo%2064.zip/1996_Nintendo%2064%2FArmy%20Men%20-%20Sarge%27s%20Heroes%202.pdf,3388109,14927bd777c940685a41a2a191906336,,,Army Men - Sarge's Heroes 2.pdf
docs/N64/Manuals/Asteroids Hyper 64.pdf,https://archive.org/download/mister-manuals/1996_Nintendo%2064.zip/1996_Nintendo%2064%2FAsteroids%20Hyper%2064.pdf,1928475,9458c8a88b7f9ae0d52b8e3ab3a4b98c,,,Asteroids Hyper 64.pdf
docs/N64/Manuals/Automobili Lamborghini.pdf,https://archive.org/download/mister-manuals/1996_Nintendo%2064.zip/1996_Nintendo%2064%2FAutomobili%20Lamborghini.pdf,1052937,caeeff28ce6d599e2907911abb91828d,,,Automobili Lamborghini.pdf
docs/N64/Manuals/Banjo-Kazooie.pdf,https://archive.org/download/mister-manuals/1996_Nintendo%2064.zip/1996_Nintendo%2064%2FBanjo-Kazooie.pdf,2814193,054b8e4cdc2a03569682a976a651e6ae,,,Banjo-Kazooie.pdf
docs/N64/Manuals/Banjo-Tooie.pdf,https://archive.org/download/mister-manuals/1996_Nintendo%2064.zip/1996_Nintendo%2064%2FBanjo-Tooie.pdf,3237897,3f75ac9dc48b6d9b2e25cb46b7dae003,,,Banjo-Tooie.pdf
docs/N64/Manuals/Bass Hunter 64.pdf,https://archive.org/download/mister-manuals/1996_Nintendo%2064.zip/1996_Nintendo%2064%2FBass%20Hunter%2064.pdf,2494560,04eedce774646b9b6a0c49a3224e6926,,,Bass Hunter 64.pdf
docs/N64/Manuals/Bassmasters 2000.pdf,https://archive.org/download/mister-manuals/1996_Nintendo%2064.zip/1996_Nintendo%2064%2FBassmasters%202000.pdf,2261697,be1d4572e01c1602b82dc252f2f989d5,,,Bassmasters 2000.pdf
docs/N64/Manuals/Batman Beyond - Return of the Joker.pdf,https://archive.org/download/mister-manuals/1996_Nintendo%2064.zip/1996_Nintendo%2064%2FBatman%20Beyond%20-%20Return%20of%20the%20Joker.pdf,2957500,f137d5192c421560393a421feb3825a1,,,Batman Beyond - Return of the Joker.pdf
docs/N64/Manuals/BattleTanx - Global Assault.pdf,https://archive.org/download/mister-manuals/1996_Nintendo%2064.zip/1996_Nintendo%2064%2FBattleTanx%20-%20Global%20Assault.pdf,2973398,e1c4846e5fcef85c04db708081ba4de4,,,BattleTanx - Global Assault.pdf
docs/N64/Manuals/BattleTanx .pdf,https://archive.org/download/mister-manuals/1996_Nintendo%2064.zip/1996_Nintendo%2064%2FBattleTanx%20.pdf,3078377,61a207edd68349f7c504b2bcd59c9937,,,BattleTanx .pdf
docs/N64/Manuals/Battlezone - Rise of the Black Dogs.pdf,https://archive.org/download/mister-manuals/1996_Nintendo%2064.zip/1996_Nintendo%2064%2FBattlezone%20-%20Rise%20of%20the%20Black%20Dogs.pdf,3072065,9beffab90da6500f9125ee36dbaaaba9,,,Battlezone - Rise of the Black Dogs.pdf
docs/N64/Manuals/Beetle Adventure Racing!.pdf,https://archive.org/download/mister-manuals/1996_Nintendo%2064.zip/1996_Nintendo%2064%2FBeetle%20Adventure%20Racing%21.pdf,1392024,d8e77c8d2a7938d7050b37dc7985b3d3,,,Beetle Adventure Racing!.pdf
docs/N64/Manuals/Big Mountain 2000.pdf,https://archive.org/download/mister-manuals/1996_Nintendo%2064.zip/1996_Nintendo%2064%2FBig%20Mountain%202000.pdf,1596732,88b9db5b03e0f4eb82c782d7e8644b4c,,,Big Mountain 2000.pdf
docs/N64/Manuals/Bio F.R.E.A.K.S..pdf,https://archive.org/download/mister-manuals/1996_Nintendo%2064.zip/1996_Nintendo%2064%2FBio%20F.R.E.A.K.S..pdf,2789681,ac72728beca65d7660d1c54472567a64,,,Bio F.R.E.A.K.S..pdf
docs/N64/Manuals/Blast Corps.pdf,https://archive.org/download/mister-manuals/1996_Nintendo%2064.zip/1996_Nintendo%2064%2FBlast%20Corps.pdf,1966757,725bbeeb67a3ba3d0befca89ba5d98ff,,,Blast Corps.pdf
docs/N64/Manuals/Blues Brothers 2000.pdf,https://archive.org/download/mister-manuals/1996_Nintendo%2064.zip/1996_Nintendo%2064%2FBlues%20Brothers%202000.pdf,1954730,a132930defcd2dac12764216f52ca12b,,,Blues Brothers 2000.pdf
docs/N64/Manuals/Body Harvest.pdf,https://archive.org/download/mister-manuals/1996_Nintendo%2064.zip/1996_Nintendo%2064%2FBody%20Harvest.pdf,2769886,f1e965515d77713e59c39f944a470086,,,Body Harvest.pdf
docs/N64/Manuals/Bomberman 64 - The Second Attack!.pdf,https://archive.org/download/mister-manuals/1996_Nintendo%2064.zip/1996_Nintendo%2064%2FBomberman%2064%20-%20The%20Second%20Attack%21.pdf,3339577,3dcf7d7cbecbdc129d325a0221aa2c9c,,,Bomberman 64 - The Second Attack!.pdf
docs/N64/Manuals/Bomberman 64 .pdf,https://archive.org/download/mister-manuals/1996_Nintendo%2064.zip/1996_Nintendo%2064%2FBomberman%2064%20.pdf,2610046,8dacb8dec925a86c6e908224579f1747,,,Bomberman 64 .pdf
docs/N64/Manuals/Bomberman Hero.pdf,https://archive.org/download/mister-manuals/1996_Nintendo%2064.zip/1996_Nintendo%2064%2FBomberman%20Hero.pdf,2621424,63253e6cc4cb1aee0c78f5b24d4d5853,,,Bomberman Hero.pdf
docs/N64/Manuals/Bottom of the 9th.pdf,https://archive.org/download/mister-manuals/1996_Nintendo%2064.zip/1996_Nintendo%2064%2FBottom%20of%20the%209th.pdf,2811684,047ac90ca88f9e1ff0b9ebcc22c168dc,,,Bottom of the 9th.pdf
docs/N64/Manuals/Brunswick Circuit Pro Bowling.pdf,https://archive.org/download/mister-manuals/1996_Nintendo%2064.zip/1996_Nintendo%2064%2FBrunswick%20Circuit%20Pro%20Bowling.pdf,2717965,8a6deacae5ebb2083767b47a5df45de4,,,Brunswick Circuit Pro Bowling.pdf
docs/N64/Manuals/Buck Bumble.pdf,https://archive.org/download/mister-manuals/1996_Nintendo%2064.zip/1996_Nintendo%2064%2FBuck%20Bumble.pdf,1332652,e841a177baebf43c4d0c639f9a1dfee2,,,Buck Bumble.pdf
"docs/N64/Manuals/Bug's Life, A.pdf",https://archive.org/download/mister-manuals/1996_Nintendo%2064.zip/1996_Nintendo%2064%2FBug%27s%20Life%2C%20A.pdf,2871542,811089dd0893df0ea2324cb92b3b7e0b,,,"Bug's Life, A.pdf"
docs/N64/Manuals/Bust-A-Move '99.pdf,https://archive.org/download/mister-manuals/1996_Nintendo%2064.zip/1996_Nintendo%2064%2FBust-A-Move%20%2799.pdf,1763135,cdc87846c80c1978fb0cf5bc28bea040,,,Bust-A-Move '99.pdf
docs/N64/Manuals/Bust-A-Move 2 - Arcade Edition.pdf,https://archive.org/download/mister-manuals/1996_Nintendo%2064.zip/1996_Nintendo%2064%2FBust-A-Move%202%20-%20Arcade%20Edition.pdf,1318817,58aa1eec9ca171fc273662fb53a1d456,,,Bust-A-Move 2 - Arcade Edition.pdf
docs/N64/Manuals/California Speed.pdf,https://archive.org/download/mister-manuals/1996_Nintendo%2064.zip/1996_Nintendo%2064%2FCalifornia%20Speed.pdf,1853806,c812a7243c9a1e099aa1d30302bb08ea,,,California Speed.pdf
docs/N64/Manuals/Carmageddon 64.pdf,https://archive.org/download/mister-manuals/1996_Nintendo%2064.zip/1996_Nintendo%2064%2FCarmageddon%2064.pdf,2284566,06d591dbb6b1d4dbc49c4bdddabef693,,,Carmageddon 64.pdf
docs/N64/Manuals/Castlevania - Legacy of Darkness.pdf,https://archive.org/download/mister-manuals/1996_Nintendo%2064.zip/1996_Nintendo%2064%2FCastlevania%20-%20Legacy%20of%20Darkness.pdf,3541197,eceaa9f366beb4955c1562f543399909,,,Castlevania - Legacy of Darkness.pdf
docs/N64/Manuals/Castlevania .pdf,https://archive.org/download/mister-manuals/1996_Nintendo%2064.zip/1996_Nintendo%2064%2FCastlevania%20.pdf,2051769,1fc776a20cdd5898342b9c4cfa63f244,,,Castlevania .pdf
docs/N64/Manuals/Chameleon Twist .pdf,https://archive.org/download/mister-manuals/1996_Nintendo%2064.zip/1996_Nintendo%2064%2FChameleon%20Twist%20.pdf,1780668,0406cd878c5cec341e1d61c64d5d73d5,,,Chameleon Twist .pdf
docs/N64/Manuals/Chameleon Twist 2.pdf,https://archive.org/download/mister-manuals/1996_Nintendo%2064.zip/1996_Nintendo%2064%2FChameleon%20Twist%202.pdf,3052229,e7662c5f05904d6cc54049b756f1b3e3,,,Chameleon Twist 2.pdf
docs/N64/Manuals/Charlie Blast's Territory.pdf,https://archive.org/download/mister-manuals/1996_Nintendo%2064.zip/1996_Nintendo%2064%2FCharlie%20Blast%27s%20Territory.pdf,1836712,2bd2dfc4dc54b7a33cd026503c8d22f9,,,Charlie Blast's Territory.pdf
docs/N64/Manuals/Chopper Attack.pdf,https://archive.org/download/mister-manuals/1996_Nintendo%2064.zip/1996_Nintendo%2064%2FChopper%20Attack.pdf,2484576,c4f0eba6b14920841d2522b676af500d,,,Chopper Attack.pdf
docs/N64/Manuals/Clay Fighter - Sculptor's Cut.pdf,https://archive.org/download/mister-manuals/1996_Nintendo%2064.zip/1996_Nintendo%2064%2FClay%20Fighter%20-%20Sculptor%27s%20Cut.pdf,2048109,f8e60a075377fa476b09e30009b8bada,,,Clay Fighter - Sculptor's Cut.pdf
docs/N64/Manuals/Clay Fighter 63 1-3.pdf,https://archive.org/download/mister-manuals/1996_Nintendo%2064.zip/1996_Nintendo%2064%2FClay%20Fighter%2063%201-3.pdf,1885080,bca3ab7fe2437909d31b776592492cfd,,,Clay Fighter 63 1-3.pdf
docs/N64/Manuals/Command & Conquer.pdf,https://archive.org/download/mister-manuals/1996_Nintendo%2064.zip/1996_Nintendo%2064%2FCommand%20%26%20Conquer.pdf,3007706,350c4b521f201a488aad759ac1b3697f,,,Command & Conquer.pdf
docs/N64/Manuals/Conker's Bad Fur Day.pdf,https://archive.org/download/mister-manuals/1996_Nintendo%2064.zip/1996_Nintendo%2064%2FConker%27s%20Bad%20Fur%20Day.pdf,2738706,21f07ae7ea873ed01bdb3a1fc14913b6,,,Conker's Bad Fur Day.pdf
docs/N64/Manuals/Cruis'n Exotica.pdf,https://archive.org/download/mister-manuals/1996_Nintendo%2064.zip/1996_Nintendo%2064%2FCruis%27n%20Exotica.pdf,3028720,b7c0818f86833fb4e331541d79ea9b5e,,,Cruis'n Exotica.pdf
docs/N64/Manuals/Cruis'n USA.pdf,https://archive.org/download/mister-manuals/1996_Nintendo%2064.zip/1996_Nintendo%2064%2FCruis%27n%20USA.pdf,1578969,7d4478b802bd6e91111343451e4ec4d3,,,Cruis'n USA.pdf
docs/N64/Manuals/Cruis'n World.pdf,https://archive.org/download/mister-manuals/1996_Nintendo%2064.zip/1996_Nintendo%2064%2FCruis%27n%20World.pdf,1840001,3c7af4d786ee7646399d396a333aab63,,,Cruis'n World.pdf
docs/N64/Manuals/CyberTiger.pdf,https://archive.org/download/mister-manuals/1996_Nintendo%2064.zip/1996_Nintendo%2064%2FCyberTiger.pdf,2209117,990ff6ca52161842eb50a45b6482245d,,,CyberTiger.pdf
docs/N64/Manuals/DOOM 64.pdf,https://archive.org/download/mister-manuals/1996_Nintendo%2064.zip/1996_Nintendo%2064%2FDOOM%2064.pdf,2841431,46c7ac26cfd25a0cb30cef922623f59e,,,DOOM 64.pdf
docs/N64/Manuals/Daikatana.pdf,https://archive.org/download/mister-manuals/1996_Nintendo%2064.zip/1996_Nintendo%2064%2FDaikatana.pdf,1822401,f73fc27061efd542a39d6339dc6b7ad1,,,Daikatana.pdf
docs/N64/Manuals/Dark Rift.pdf,https://archive.org/download/mister-manuals/1996_Nintendo%2064.zip/1996_Nintendo%2064%2FDark%20Rift.pdf,1927092,3c26e7fa6c7f2a3f5d42e75ea75a1ac3,,,Dark Rift.pdf
docs/N64/Manuals/Deadly Arts.pdf,https://archive.org/download/mister-manuals/1996_Nintendo%2064.zip/1996_Nintendo%2064%2FDeadly%20Arts.pdf,3531130,7d9f0ad649e4d9b12547123cf3abf3ea,,,Deadly Arts.pdf
docs/N64/Manuals/Destruction Derby 64.pdf,https://archive.org/download/mister-manuals/1996_Nintendo%2064.zip/1996_Nintendo%2064%2FDestruction%20Derby%2064.pdf,2281115,7e338175e0a8632618795b62f84cb7d1,,,Destruction Derby 64.pdf
docs/N64/Manuals/Diddy Kong Racing.pdf,https://archive.org/download/mister-manuals/1996_Nintendo%2064.zip/1996_Nintendo%2064%2FDiddy%20Kong%20Racing.pdf,3390187,99bbba5d5b79b0589029546fd85c2ddd,,,Diddy Kong Racing.pdf
docs/N64/Manuals/Donald Duck - Goin' Quackers.pdf,https://archive.org/download/mister-manuals/1996_Nintendo%2064.zip/1996_Nintendo%2064%2FDonald%20Duck%20-%20Goin%27%20Quackers.pdf,2938170,e4fed77447e4dd2b4d32632b963bbb3d,,,Donald Duck - Goin' Quackers.pdf
docs/N64/Manuals/Donkey Kong 64.pdf,https://archive.org/download/mister-manuals/1996_Nintendo%2064.zip/1996_Nintendo%2064%2FDonkey%20Kong%2064.pdf,3565968,9232455b5c3560a4a520523f9bc30cc0,,,Donkey Kong 64.pdf
docs/N64/Manuals/Dr. Mario 64.pdf,https://archive.org/download/mister-manuals/1996_Nintendo%2064.zip/1996_Nintendo%2064%2FDr.%20Mario%2064.pdf,2899782,d5e9401d6b1a36f5ec4091066e327a9f,,,Dr. Mario 64.pdf
docs/N64/Manuals/Dual Heroes.pdf,https://archive.org/download/mister-manuals/1996_Nintendo%2064.zip/1996_Nintendo%2064%2FDual%20Heroes.pdf,1909004,87e79ea6455fdcd2648615911e3dce73,,,Dual Heroes.pdf
docs/N64/Manuals/Duck Dodgers starring Daffy Duck.pdf,https://archive.org/download/mister-manuals/1996_Nintendo%2064.zip/1996_Nintendo%2064%2FDuck%20Dodgers%20starring%20Daffy%20Duck.pdf,1522294,1664d0d400795457bb82c8ab6262e8c4,,,Duck Dodgers starring Daffy Duck.pdf
docs/N64/Manuals/Duke Nukem - Zero Hour.pdf,https://archive.org/download/mister-manuals/1996_Nintendo%2064.zip/1996_Nintendo%2064%2FDuke%20Nukem%20-%20Zero%20Hour.pdf,3436802,f5485eb0f3e4be6b93b1abc54357247b,,,Duke Nukem - Zero Hour.pdf
docs/N64/Manuals/Duke Nukem 64.pdf,https://archive.org/download/mister-manuals/1996_Nintendo%2064.zip/1996_Nintendo%2064%2FDuke%20Nukem%2064.pdf,2284529,a43c6d24b5f0b8b60f4a6010e37d4154,,,Duke Nukem 64.pdf
docs/N64/Manuals/ECW Hardcore Revolution.pdf,https://archive.org/download/mister-manuals/1996_Nintendo%2064.zip/1996_Nintendo%2064%2FECW%20Hardcore%20Revolution.pdf,2465931,ff98a7085957db865cf2fe0d3848c0ca,,,ECW Hardcore Revolution.pdf
docs/N64/Manuals/Earthworm Jim 3D.pdf,https://archive.org/download/mister-manuals/1996_Nintendo%2064.zip/1996_Nintendo%2064%2FEarthworm%20Jim%203D.pdf,1259766,ed2e191137d02056ddc13ec4ccc6c2a6,,,Earthworm Jim 3D.pdf
docs/N64/Manuals/Excitebike 64.pdf,https://archive.org/download/mister-manuals/1996_Nintendo%2064.zip/1996_Nintendo%2064%2FExcitebike%2064.pdf,1994245,a5b66d5977d3e07d40ecbba22a8fffa4,,,Excitebike 64.pdf
docs/N64/Manuals/Extreme-G - XG2.pdf,https://archive.org/download/mister-manuals/1996_Nintendo%2064.zip/1996_Nintendo%2064%2FExtreme-G%20-%20XG2.pdf,3849538,d2348d1015f25c8e5950b87acb5ca66e,,,Extreme-G - XG2.pdf
docs/N64/Manuals/Extreme-G .pdf,https://archive.org/download/mister-manuals/1996_Nintendo%2064.zip/1996_Nintendo%2064%2FExtreme-G%20.pdf,3154850,e05eaebe60dc5c6e9e20655b77111ca9,,,Extreme-G .pdf
docs/N64/Manuals/F-1 World Grand Prix .pdf,https://archive.org/download/mister-manuals/1996_Nintendo%2064.zip/1996_Nintendo%2064%2FF-1%20World%20Grand%20Prix%20.pdf,2613058,6e449a449f68ac6b9af5891bec7d3d09,,,F-1 World Grand Prix .pdf
docs/N64/Manuals/F-ZERO X.pdf,https://archive.org/download/mister-manuals/1996_Nintendo%2064.zip/1996_Nintendo%2064%2FF-ZERO%20X.pdf,4044889,a8313332cbc6825e30fa5f2aa5610da4,,,F-ZERO X.pdf
docs/N64/Manuals/F1 Pole Position 64.pdf,https://archive.org/download/mister-manuals/1996_Nintendo%2064.zip/1996_Nintendo%2064%2FF1%20Pole%20Position%2064.pdf,2021406,0b866e6b034c291fa4eca0a6fbd528a0,,,F1 Pole Position 64.pdf
docs/N64/Manuals/FIFA - Road to World Cup 98.pdf,https://archive.org/download/mister-manuals/1996_Nintendo%2064.zip/1996_Nintendo%2064%2FFIFA%20-%20Road%20to%20World%20Cup%2098.pdf,1854059,948d8125fe8777974a7947b9707a574e,,,FIFA - Road to World Cup 98.pdf
docs/N64/Manuals/FIFA 99.pdf,https://archive.org/download/mister-manuals/1996_Nintendo%2064.zip/1996_Nintendo%2064%2FFIFA%2099.pdf,1712224,98d1b82c62587d624c3bbed2c8483193,,,FIFA 99.pdf
docs/N64/Manuals/FIFA Soccer 64.pdf,https://archive.org/download/mister-manuals/1996_Nintendo%2064.zip/1996_Nintendo%2064%2FFIFA%20Soccer%2064.pdf,3111188,ee46557354025cff965229028fd9f740,,,FIFA Soccer 64.pdf
docs/N64/Manuals/FOX Sports College Hoops '99.pdf,https://archive.org/download/mister-manuals/1996_Nintendo%2064.zip/1996_Nintendo%2064%2FFOX%20Sports%20College%20Hoops%20%2799.pdf,2339128,cac067b493975994bf9cdf4742a957cf,,,FOX Sports College Hoops '99.pdf
docs/N64/Manuals/Fighter Destiny 2.pdf,https://archive.org/download/mister-manuals/1996_Nintendo%2064.zip/1996_Nintendo%2064%2FFighter%20Destiny%202.pdf,3844402,51474779079ce6696143d810ffbc6b41,,,Fighter Destiny 2.pdf
docs/N64/Manuals/Fighters Destiny.pdf,https://archive.org/download/mister-manuals/1996_Nintendo%2064.zip/1996_Nintendo%2064%2FFighters%20Destiny.pdf,1239992,46da1dbedf0de424e1d9d434bc8ce6aa,,,Fighters Destiny.pdf
docs/N64/Manuals/Fighting Force 64.pdf,https://archive.org/download/mister-manuals/1996_Nintendo%2064.zip/1996_Nintendo%2064%2FFighting%20Force%2064.pdf,1695544,a6bd306b0c40fa1883709b27dcf653d2,,,Fighting Force 64.pdf
docs/N64/Manuals/Flying Dragon.pdf,https://archive.org/download/mister-manuals/1996_Nintendo%2064.zip/1996_Nintendo%2064%2FFlying%20Dragon.pdf,3723953,0ec2c1a3fc534470c41a1c6486ad03d0,,,Flying Dragon.pdf
docs/N64/Manuals/Forsaken 64.pdf,https://archive.org/download/mister-manuals/1996_Nintendo%2064.zip/1996_Nintendo%2064%2FForsaken%2064.pdf,2306663,546421371d919fa55c83c18156ae66dd,,,Forsaken 64.pdf
docs/N64/Manuals/GT64 - Championship Edition.pdf,https://archive.org/download/mister-manuals/1996_Nintendo%2064.zip/1996_Nintendo%2064%2FGT64%20-%20Championship%20Edition.pdf,1413830,cca3646576c1d2559d9e4a8c24759870,,,GT64 - Championship Edition.pdf
docs/N64/Manuals/Gauntlet Legends.pdf,https://archive.org/download/mister-manuals/1996_Nintendo%2064.zip/1996_Nintendo%2064%2FGauntlet%20Legends.pdf,4722668,69549d503f9d06ff85587ba31840bd78,,,Gauntlet Legends.pdf
docs/N64/Manuals/Gex 3 - Deep Cover Gecko.pdf,https://archive.org/download/mister-manuals/1996_Nintendo%2064.zip/1996_Nintendo%2064%2FGex%203%20-%20Deep%20Cover%20Gecko.pdf,1657326,b893e2909daf6fffe233912697629135,,,Gex 3 - Deep Cover Gecko.pdf
docs/N64/Manuals/Gex 64 - Enter the Gecko.pdf,https://archive.org/download/mister-manuals/1996_Nintendo%2064.zip/1996_Nintendo%2064%2FGex%2064%20-%20Enter%20the%20Gecko.pdf,2338279,82cbd95c98dcd9c1784793d55aad05f1,,,Gex 64 - Enter the Gecko.pdf
docs/N64/Manuals/Glover.pdf,https://archive.org/download/mister-manuals/1996_Nintendo%2064.zip/1996_Nintendo%2064%2FGlover.pdf,2014381,1ff2597edff6e09787c69c1281f7f09e,,,Glover.pdf
docs/N64/Manuals/Goemon's Great Adventure.pdf,https://archive.org/download/mister-manuals/1996_Nintendo%2064.zip/1996_Nintendo%2064%2FGoemon%27s%20Great%20Adventure.pdf,110075,23b6788d4fe6a13618bae32bc9cb0b84,,,Goemon's Great Adventure.pdf
docs/N64/Manuals/Golden Nugget 64.pdf,https://archive.org/download/mister-manuals/1996_Nintendo%2064.zip/1996_Nintendo%2064%2FGolden%20Nugget%2064.pdf,3299833,37f069d4a32fa28ecb7b800efc0e30bb,,,Golden Nugget 64.pdf
docs/N64/Manuals/GoldenEye 007.pdf,https://archive.org/download/mister-manuals/1996_Nintendo%2064.zip/1996_Nintendo%2064%2FGoldenEye%20007.pdf,1681136,199d645f30e1ffc6cfeb6d12cb375ea0,,,GoldenEye 007.pdf
docs/N64/Manuals/Harvest Moon 64.pdf,https://archive.org/download/mister-manuals/1996_Nintendo%2064.zip/1996_Nintendo%2064%2FHarvest%20Moon%2064.pdf,2488644,91be09493d11bf0bd87d5d1af7a068f7,,,Harvest Moon 64.pdf
docs/N64/Manuals/Hercules - The Legendary Journeys.pdf,https://archive.org/download/mister-manuals/1996_Nintendo%2064.zip/1996_Nintendo%2064%2FHercules%20-%20The%20Legendary%20Journeys.pdf,1195619,ca04c19be3b444149ffd6364d811e4c5,,,Hercules - The Legendary Journeys.pdf
docs/N64/Manuals/Hexen.pdf,https://archive.org/download/mister-manuals/1996_Nintendo%2064.zip/1996_Nintendo%2064%2FHexen.pdf,2864118,512a926866e06713ace0e471bbe19fb0,,,Hexen.pdf
"docs/N64/Manuals/Hey You, Pikachu!.pdf",https://archive.org/download/mister-manuals/1996_Nintendo%2064.zip/1996_Nintendo%2064%2FHey%20You%2C%20Pikachu%21.pdf,2493746,814435428c62f95ebbee8092552617a4,,,"Hey You, Pikachu!.pdf"
docs/N64/Manuals/Hot Wheels Turbo Racing.pdf,https://archive.org/download/mister-manuals/1996_Nintendo%2064.zip/1996_Nintendo%2064%2FHot%20Wheels%20Turbo%20Racing.pdf,1708527,35c264d77b877c3fe98611c470ab1d74,,,Hot Wheels Turbo Racing.pdf
docs/N64/Manuals/Hybrid Heaven.pdf,https://archive.org/download/mister-manuals/1996_Nintendo%2064.zip/1996_Nintendo%2064%2FHybrid%20Heaven.pdf,3383247,bd413b235bd8ef957236716c02846deb,,,Hybrid Heaven.pdf
docs/N64/Manuals/Hydro Thunder.pdf,https://archive.org/download/mister-manuals/1996_Nintendo%2064.zip/1996_Nintendo%2064%2FHydro%20Thunder.pdf,4031021,fba2891418ae05c5922cc04c0f6df80a,,,Hydro Thunder.pdf
docs/N64/Manuals/Iggy's Reckin' Balls.pdf,https://archive.org/download/mister-manuals/1996_Nintendo%2064.zip/1996_Nintendo%2064%2FIggy%27s%20Reckin%27%20Balls.pdf,1617637,3b5aba8d6eff496b79c42415778117ea,,,Iggy's Reckin' Balls.pdf
docs/N64/Manuals/Indiana Jones and the Infernal Machine.pdf,https://archive.org/download/mister-manuals/1996_Nintendo%2064.zip/1996_Nintendo%2064%2FIndiana%20Jones%20and%20the%20Infernal%20Machine.pdf,1825591,f2a3b66cdf51d3b84e3435095a27569c,,,Indiana Jones and the Infernal Machine.pdf
docs/N64/Manuals/Indy Racing 2000.pdf,https://archive.org/download/mister-manuals/1996_Nintendo%2064.zip/1996_Nintendo%2064%2FIndy%20Racing%202000.pdf,2084755,4dc61a1b18c06d0e0b43ea160a7ae8c7,,,Indy Racing 2000.pdf
docs/N64/Manuals/International Superstar Soccer '98.pdf,https://archive.org/download/mister-manuals/1996_Nintendo%2064.zip/1996_Nintendo%2064%2FInternational%20Superstar%20Soccer%20%2798.pdf,2787123,95c14a7801c5085c8a7107a0d1d49641,,,International Superstar Soccer '98.pdf
docs/N64/Manuals/International Superstar Soccer 2000.pdf,https://archive.org/download/mister-manuals/1996_Nintendo%2064.zip/1996_Nintendo%2064%2FInternational%20Superstar%20Soccer%202000.pdf,3246139,405d9137e98cdf444cefb1a75f9fb053,,,International Superstar Soccer 2000.pdf
docs/N64/Manuals/International Superstar Soccer 64.pdf,https://archive.org/download/mister-manuals/1996_Nintendo%2064.zip/1996_Nintendo%2064%2FInternational%20Superstar%20Soccer%2064.pdf,2065434,67837a006f178943d54960ca16bc521c,,,International Superstar Soccer 64.pdf
docs/N64/Manuals/International Track & Field 2000.pdf,https://archive.org/download/mister-manuals/1996_Nintendo%2064.zip/1996_Nintendo%2064%2FInternational%20Track%20%26%20Field%202000.pdf,1849887,541dd08497033fe6b12e232b402aa969,,,International Track & Field 2000.pdf
docs/N64/Manuals/Jeopardy!.pdf,https://archive.org/download/mister-manuals/1996_Nintendo%2064.zip/1996_Nintendo%2064%2FJeopardy%21.pdf,1382798,3ebaaabcb3fde3058316e65c80d8fa00,,,Jeopardy!.pdf
docs/N64/Manuals/Jeremy McGrath Supercross 2000.pdf,https://archive.org/download/mister-manuals/1996_Nintendo%2064.zip/1996_Nintendo%2064%2FJeremy%20McGrath%20Supercross%202000.pdf,2153617,134c4d99137fcc38f9d7e1679f3e41e3,,,Jeremy McGrath Supercross 2000.pdf
docs/N64/Manuals/Jet Force Gemini.pdf,https://archive.org/download/mister-manuals/1996_Nintendo%2064.zip/1996_Nintendo%2064%2FJet%20Force%20Gemini.pdf,2204608,34b7ef872a4b854f50d4a1acafd79e37,,,Jet Force Gemini.pdf
docs/N64/Manuals/Ken Griffey Jr.'s Slugfest.pdf,https://archive.org/download/mister-manuals/1996_Nintendo%2064.zip/1996_Nintendo%2064%2FKen%20Griffey%20Jr.%27s%20Slugfest.pdf,1801434,243d7ef58e4e1232846313ecfbaabd45,,,Ken Griffey Jr.'s Slugfest.pdf
docs/N64/Manuals/Killer Instinct Gold.pdf,https://archive.org/download/mister-manuals/1996_Nintendo%2064.zip/1996_Nintendo%2064%2FKiller%20Instinct%20Gold.pdf,3924950,18d71b37ff8973709b2f7a0b0b18f741,,,Killer Instinct Gold.pdf
docs/N64/Manuals/Kirby 64 - The Crystal Shards.pdf,https://archive.org/download/mister-manuals/1996_Nintendo%2064.zip/1996_Nintendo%2064%2FKirby%2064%20-%20The%20Crystal%20Shards.pdf,2518864,103a8f112d05fa05a3bab55adfd41580,,,Kirby 64 - The Crystal Shards.pdf
docs/N64/Manuals/Knife Edge - Nose Gunner.pdf,https://archive.org/download/mister-manuals/1996_Nintendo%2064.zip/1996_Nintendo%2064%2FKnife%20Edge%20-%20Nose%20Gunner.pdf,2434488,7220f61ac3c6f28c10c004abfbed3838,,,Knife Edge - Nose Gunner.pdf
docs/N64/Manuals/Knockout Kings 2000.pdf,https://archive.org/download/mister-manuals/1996_Nintendo%2064.zip/1996_Nintendo%2064%2FKnockout%20Kings%202000.pdf,2423276,2c7b179819cd4a24b2647059b9e8d36d,,,Knockout Kings 2000.pdf
docs/N64/Manuals/Kobe Bryant in NBA Courtside.pdf,https://archive.org/download/mister-manuals/1996_Nintendo%2064.zip/1996_Nintendo%2064%2FKobe%20Bryant%20in%20NBA%20Courtside.pdf,2489595,76879b65b23825830eff75453ceabc42,,,Kobe Bryant in NBA Courtside.pdf
docs/N64/Manuals/LEGO Racers.pdf,https://archive.org/download/mister-manuals/1996_Nintendo%2064.zip/1996_Nintendo%2064%2FLEGO%20Racers.pdf,1978905,ad87ebfe1d601d5709e6906527b72d3b,,,LEGO Racers.pdf
"docs/N64/Manuals/Legend of Zelda, The - Majora's Mask.pdf",https://archive.org/download/mister-manuals/1996_Nintendo%2064.zip/1996_Nintendo%2064%2FLegend%20of%20Zelda%2C%20The%20-%20Majora%27s%20Mask.pdf,4099007,43110e2cd1d16c6a8a43630f02f21edc,,,"Legend of Zelda, The - Majora's Mask.pdf"
"docs/N64/Manuals/Legend of Zelda, The - Ocarina of Time.pdf",https://archive.org/download/mister-manuals/1996_Nintendo%2064.zip/1996_Nintendo%2064%2FLegend%20of%20Zelda%2C%20The%20-%20Ocarina%20of%20Time.pdf,4097765,67826472ac67f0b582c9fde508649840,,,"Legend of Zelda, The - Ocarina of Time.pdf"
docs/N64/Manuals/Lode Runner 3-D.pdf,https://archive.org/download/mister-manuals/1996_Nintendo%2064.zip/1996_Nintendo%2064%2FLode%20Runner%203-D.pdf,2454772,0f73d21afdd41516e4a13bd98bd9357c,,,Lode Runner 3-D.pdf
docs/N64/Manuals/MRC - Multi Racing Championship.pdf,https://archive.org/download/mister-manuals/1996_Nintendo%2064.zip/1996_Nintendo%2064%2FMRC%20-%20Multi%20Racing%20Championship.pdf,1747181,90ab3a9c9ababaad90777b2917468359,,,MRC - Multi Racing Championship.pdf
docs/N64/Manuals/Mace - The Dark Age.pdf,https://archive.org/download/mister-manuals/1996_Nintendo%2064.zip/1996_Nintendo%2064%2FMace%20-%20The%20Dark%20Age.pdf,3414765,0e912e7860c7c1f062fb54cd2640a092,,,Mace - The Dark Age.pdf
docs/N64/Manuals/Madden Football 64.pdf,https://archive.org/download/mister-manuals/1996_Nintendo%2064.zip/1996_Nintendo%2064%2FMadden%20Football%2064.pdf,2305032,0c310fce09fddd743581f6e564b94f08,,,Madden Football 64.pdf
docs/N64/Manuals/Madden NFL 2000.pdf,https://archive.org/download/mister-manuals/1996_Nintendo%2064.zip/1996_Nintendo%2064%2FMadden%20NFL%202000.pdf,2659577,970c9987c458b448990620f7f6dcb0a9,,,Madden NFL 2000.pdf
docs/N64/Manuals/Madden NFL 2001.pdf,https://archive.org/download/mister-manuals/1996_Nintendo%2064.zip/1996_Nintendo%2064%2FMadden%20NFL%202001.pdf,2157831,a8a16457a43ae04ebe433c0d5b14851e,,,Madden NFL 2001.pdf
docs/N64/Manuals/Madden NFL 2002.pdf,https://archive.org/download/mister-manuals/1996_Nintendo%2064.zip/1996_Nintendo%2064%2FMadden%20NFL%202002.pdf,2433379,a95cfe45331d3d166971ce3e68a050a0,,,Madden NFL 2002.pdf
docs/N64/Manuals/Madden NFL 99.pdf,https://archive.org/download/mister-manuals/1996_Nintendo%2064.zip/1996_Nintendo%2064%2FMadden%20NFL%2099.pdf,2817570,a56d3d216430743397af047399386700,,,Madden NFL 99.pdf
docs/N64/Manuals/Magical Tetris Challenge.pdf,https://archive.org/download/mister-manuals/1996_Nintendo%2064.zip/1996_Nintendo%2064%2FMagical%20Tetris%20Challenge.pdf,1883315,f3e2f93588cef0f3f97c5bbcfa4be3c4,,,Magical Tetris Challenge.pdf
docs/N64/Manuals/Major League Baseball featuring Ken Griffey Jr..pdf,https://archive.org/download/mister-manuals/1996_Nintendo%2064.zip/1996_Nintendo%2064%2FMajor%20League%20Baseball%20featuring%20Ken%20Griffey%20Jr..pdf,2139248,0fd0360ccdec64fe22b19644aeb76243,,,Major League Baseball featuring Ken Griffey Jr..pdf
docs/N64/Manuals/Mario Golf.pdf,https://archive.org/download/mister-manuals/1996_Nintendo%2064.zip/1996_Nintendo%2064%2FMario%20Golf.pdf,3272488,9c151b069876fb5039807aba7d4d6df1,,,Mario Golf.pdf
docs/N64/Manuals/Mario Kart 64.pdf,https://archive.org/download/mister-manuals/1996_Nintendo%2064.zip/1996_Nintendo%2064%2FMario%20Kart%2064.pdf,3808883,b01bc6f1ce540e970859fb524d180c82,,,Mario Kart 64.pdf
docs/N64/Manuals/Mario Party .pdf,https://archive.org/download/mister-manuals/1996_Nintendo%2064.zip/1996_Nintendo%2064%2FMario%20Party%20.pdf,2935341,2d57ef88a89940cb0c1b517fe131e600,,,Mario Party .pdf
docs/N64/Manuals/Mario Party 2.pdf,https://archive.org/download/mister-manuals/1996_Nintendo%2064.zip/1996_Nintendo%2064%2FMario%20Party%202.pdf,2816057,3c170311d71bbc636160c0ea398b3c6e,,,Mario Party 2.pdf
docs/N64/Manuals/Mario Party 3.pdf,https://archive.org/download/mister-manuals/1996_Nintendo%2064.zip/1996_Nintendo%2064%2FMario%20Party%203.pdf,3852407,397626c2fc94c0576ae5c8c3547dd6ac,,,Mario Party 3.pdf
docs/N64/Manuals/Mario Tennis.pdf,https://archive.org/download/mister-manuals/1996_Nintendo%2064.zip/1996_Nintendo%2064%2FMario%20Tennis.pdf,3597995,a40daf4efb1a0ba9b5d1b6fbfad2d524,,,Mario Tennis.pdf
docs/N64/Manuals/Mega Man 64.pdf,https://archive.org/download/mister-manuals/1996_Nintendo%2064.zip/1996_Nintendo%2064%2FMega%20Man%2064.pdf,2277553,65d29d3d8a9004fbedd8bde3a5c6cfc3,,,Mega Man 64.pdf
docs/N64/Manuals/Mia Hamm Soccer 64.pdf,https://archive.org/download/mister-manuals/1996_Nintendo%2064.zip/1996_Nintendo%2064%2FMia%20Hamm%20Soccer%2064.pdf,2691672,f114d7646acf14336c045f1a41d49afd,,,Mia Hamm Soccer 64.pdf
docs/N64/Manuals/Mickey's Speedway USA.pdf,https://archive.org/download/mister-manuals/1996_Nintendo%2064.zip/1996_Nintendo%2064%2FMickey%27s%20Speedway%20USA.pdf,1698645,dccd445033ca256810cd2eb2c04b53e1,,,Mickey's Speedway USA.pdf
docs/N64/Manuals/Micro Machines 64 Turbo.pdf,https://archive.org/download/mister-manuals/1996_Nintendo%2064.zip/1996_Nintendo%2064%2FMicro%20Machines%2064%20Turbo.pdf,2291172,6172fd731ad9a9ae7564d6e529993b40,,,Micro Machines 64 Turbo.pdf
docs/N64/Manuals/Midway's Greatest Arcade Hits - Volume 1.pdf,https://archive.org/download/mister-manuals/1996_Nintendo%2064.zip/1996_Nintendo%2064%2FMidway%27s%20Greatest%20Arcade%20Hits%20-%20Volume%201.pdf,1777471,228682c6e4b6ae0adffe4cbae90c8fbd,,,Midway's Greatest Arcade Hits - Volume 1.pdf
docs/N64/Manuals/Mike Piazza's Strike Zone.pdf,https://archive.org/download/mister-manuals/1996_Nintendo%2064.zip/1996_Nintendo%2064%2FMike%20Piazza%27s%20Strike%20Zone.pdf,2045797,3683c96d0e8b2667c9192f9e97051946,,,Mike Piazza's Strike Zone.pdf
docs/N64/Manuals/Milo's Astro Lanes.pdf,https://archive.org/download/mister-manuals/1996_Nintendo%2064.zip/1996_Nintendo%2064%2FMilo%27s%20Astro%20Lanes.pdf,1761799,2517bc95d2ef3d61c75a3bdf0ce98e81,,,Milo's Astro Lanes.pdf
docs/N64/Manuals/Mischief Makers.pdf,https://archive.org/download/mister-manuals/1996_Nintendo%2064.zip/1996_Nintendo%2064%2FMischief%20Makers.pdf,1470337,7bc5d8eed8d0aa278724420200111d0d,,,Mischief Makers.pdf
docs/N64/Manuals/Mission - Impossible.pdf,https://archive.org/download/mister-manuals/1996_Nintendo%2064.zip/1996_Nintendo%2064%2FMission%20-%20Impossible.pdf,2626323,8e9fe8e79ed07536ae88121f92715371,,,Mission - Impossible.pdf
docs/N64/Manuals/Monaco Grand Prix.pdf,https://archive.org/download/mister-manuals/1996_Nintendo%2064.zip/1996_Nintendo%2064%2FMonaco%20Grand%20Prix.pdf,2188850,a7eaac5315c858e5f1bd514ef13afd75,,,Monaco Grand Prix.pdf
docs/N64/Manuals/Monopoly.pdf,https://archive.org/download/mister-manuals/1996_Nintendo%2064.zip/1996_Nintendo%2064%2FMonopoly.pdf,2396532,e439cf4bd54adf8f557018a71c9bbbf3,,,Monopoly.pdf
docs/N64/Manuals/Monster Truck Madness 64.pdf,https://archive.org/download/mister-manuals/1996_Nintendo%2064.zip/1996_Nintendo%2064%2FMonster%20Truck%20Madness%2064.pdf,1854217,cae9e82a8308ec4841b2fef15b1e5623,,,Monster Truck Madness 64.pdf
docs/N64/Manuals/Mortal Kombat 4.pdf,https://archive.org/download/mister-manuals/1996_Nintendo%2064.zip/1996_Nintendo%2064%2FMortal%20Kombat%204.pdf,3185987,8890932dd4842cb3eda939f0835edf97,,,Mortal Kombat 4.pdf
docs/N64/Manuals/Mortal Kombat Mythologies - Sub-Zero.pdf,https://archive.org/download/mister-manuals/1996_Nintendo%2064.zip/1996_Nintendo%2064%2FMortal%20Kombat%20Mythologies%20-%20Sub-Zero.pdf,2034636,a011a2eb8f3656f1a52342a04d92fb7a,,,Mortal Kombat Mythologies - Sub-Zero.pdf
docs/N64/Manuals/Mortal Kombat Trilogy.pdf,https://archive.org/download/mister-manuals/1996_Nintendo%2064.zip/1996_Nintendo%2064%2FMortal%20Kombat%20Trilogy.pdf,3038473,dcf7904f8504e6b7f47d774f6d59bc77,,,Mortal Kombat Trilogy.pdf
docs/N64/Manuals/Ms. Pac-Man Maze Madness.pdf,https://archive.org/download/mister-manuals/1996_Nintendo%2064.zip/1996_Nintendo%2064%2FMs.%20Pac-Man%20Maze%20Madness.pdf,1981844,dabda74ec09c6f720eafa350fd10b563,,,Ms. Pac-Man Maze Madness.pdf
docs/N64/Manuals/Mystical Ninja starring Goemon.pdf,https://archive.org/download/mister-manuals/1996_Nintendo%2064.zip/1996_Nintendo%2064%2FMystical%20Ninja%20starring%20Goemon.pdf,2342976,304c6c06ea49bf67d5ff36aabd3f8cee,,,Mystical Ninja starring Goemon.pdf
docs/N64/Manuals/NASCAR 2000.pdf,https://archive.org/download/mister-manuals/1996_Nintendo%2064.zip/1996_Nintendo%2064%2FNASCAR%202000.pdf,2631182,3f7caef3bc6fea667014b6745b842cb1,,,NASCAR 2000.pdf
docs/N64/Manuals/NASCAR 99.pdf,https://archive.org/download/mister-manuals/1996_Nintendo%2064.zip/1996_Nintendo%2064%2FNASCAR%2099.pdf,2472821,681b32988c8e186e9321a5d1e556633e,,,NASCAR 99.pdf
docs/N64/Manuals/NBA Courtside 2 featuring Kobe Bryant.pdf,https://archive.org/download/mister-manuals/1996_Nintendo%2064.zip/1996_Nintendo%2064%2FNBA%20Courtside%202%20featuring%20Kobe%20Bryant.pdf,2672514,7d66ba643254707a6ead45430b3a9458,,,NBA Courtside 2 featuring Kobe Bryant.pdf
docs/N64/Manuals/NBA Hangtime.pdf,https://archive.org/download/mister-manuals/1996_Nintendo%2064.zip/1996_Nintendo%2064%2FNBA%20Hangtime.pdf,2423908,4eb74e903e1f1f8503e1a8b49a048055,,,NBA Hangtime.pdf
docs/N64/Manuals/NBA Jam 2000.pdf,https://archive.org/download/mister-manuals/1996_Nintendo%2064.zip/1996_Nintendo%2064%2FNBA%20Jam%202000.pdf,2583672,228d9b4a615cbf3c11ab45d66067ac19,,,NBA Jam 2000.pdf
docs/N64/Manuals/NBA Jam 99.pdf,https://archive.org/download/mister-manuals/1996_Nintendo%2064.zip/1996_Nintendo%2064%2FNBA%20Jam%2099.pdf,2475652,56a373ee2f0bb68ccdbfa356b6c61356,,,NBA Jam 99.pdf
docs/N64/Manuals/NBA Live 2000.pdf,https://archive.org/download/mister-manuals/1996_Nintendo%2064.zip/1996_Nintendo%2064%2FNBA%20Live%202000.pdf,3090360,2575fff58c1e99e209330ad6cbe28e45,,,NBA Live 2000.pdf
docs/N64/Manuals/NBA Live 99.pdf,https://archive.org/download/mister-manuals/1996_Nintendo%2064.zip/1996_Nintendo%2064%2FNBA%20Live%2099.pdf,2800940,9911a15e7c2957f0a62840ba3aff3951,,,NBA Live 99.pdf
docs/N64/Manuals/NBA Showtime - NBA on NBC.pdf,https://archive.org/download/mister-manuals/1996_Nintendo%2064.zip/1996_Nintendo%2064%2FNBA%20Showtime%20-%20NBA%20on%20NBC.pdf,2890196,eed1bfa79fc7fe74e7fe16652e3df75d,,,NBA Showtime - NBA on NBC.pdf
docs/N64/Manuals/NBA in the Zone '98.pdf,https://archive.org/download/mister-manuals/1996_Nintendo%2064.zip/1996_Nintendo%2064%2FNBA%20in%20the%20Zone%20%2798.pdf,2446174,89c2ca53cffd42aa7badee8f4c87ae44,,,NBA in the Zone '98.pdf
docs/N64/Manuals/NBA in the Zone '99.pdf,https://archive.org/download/mister-manuals/1996_Nintendo%2064.zip/1996_Nintendo%2064%2FNBA%20in%20the%20Zone%20%2799.pdf,2012347,b271573f0aed36bc30b4f373f4c1ef3d,,,NBA in the Zone '99.pdf
docs/N64/Manuals/NBA in the Zone 2000.pdf,https://archive.org/download/mister-manuals/1996_Nintendo%2064.zip/1996_Nintendo%2064%2FNBA%20in%20the%20Zone%202000.pdf,3657865,fba40af1276783fab2e3c9f1cbefc4a9,,,NBA in the Zone 2000.pdf
docs/N64/Manuals/NFL Blitz - Special Edition.pdf,https://archive.org/download/mister-manuals/1996_Nintendo%2064.zip/1996_Nintendo%2064%2FNFL%20Blitz%20-%20Special%20Edition.pdf,2566356,9cd755764c35bf59b8f7f79485a0ec03,,,NFL Blitz - Special Edition.pdf
docs/N64/Manuals/NFL Blitz .pdf,https://archive.org/download/mister-manuals/1996_Nintendo%2064.zip/1996_Nintendo%2064%2FNFL%20Blitz%20.pdf,2996587,5afec9f2c9a5e8e273319fb4996e442d,,,NFL Blitz .pdf
docs/N64/Manuals/NFL Blitz 2000.pdf,https://archive.org/download/mister-manuals/1996_Nintendo%2064.zip/1996_Nintendo%2064%2FNFL%20Blitz%202000.pdf,2267665,33f705ffa26060851c95465fff4bfc17,,,NFL Blitz 2000.pdf
docs/N64/Manuals/NFL Blitz 2001.pdf,https://archive.org/download/mister-manuals/1996_Nintendo%2064.zip/1996_Nintendo%2064%2FNFL%20Blitz%202001.pdf,2138257,f436ca96dd52f82e3375942506bd084f,,,NFL Blitz 2001.pdf
docs/N64/Manuals/NFL Quarterback Club 2000.pdf,https://archive.org/download/mister-manuals/1996_Nintendo%2064.zip/1996_Nintendo%2064%2FNFL%20Quarterback%20Club%202000.pdf,2349940,3b7fcdcf6133049d0f388e93d2ba39fb,,,NFL Quarterback Club 2000.pdf
docs/N64/Manuals/NFL Quarterback Club 2001.pdf,https://archive.org/download/mister-manuals/1996_Nintendo%2064.zip/1996_Nintendo%2064%2FNFL%20Quarterback%20Club%202001.pdf,2244636,4010e169e6df5d6002d94ef8b22d3d02,,,NFL Quarterback Club 2001.pdf
docs/N64/Manuals/NFL Quarterback Club 98.pdf,https://archive.org/download/mister-manuals/1996_Nintendo%2064.zip/1996_Nintendo%2064%2FNFL%20Quarterback%20Club%2098.pdf,2817790,5bd24fdd23289af437b6cb5082ec4897,,,NFL Quarterback Club 98.pdf
docs/N64/Manuals/NFL Quarterback Club 99.pdf,https://archive.org/download/mister-manuals/1996_Nintendo%2064.zip/1996_Nintendo%2064%2FNFL%20Quarterback%20Club%2099.pdf,2564056,69a332e447df9d2f1b3eb94f52c79f22,,,NFL Quarterback Club 99.pdf
docs/N64/Manuals/NHL 99.pdf,https://archive.org/download/mister-manuals/1996_Nintendo%2064.zip/1996_Nintendo%2064%2FNHL%2099.pdf,2490933,5646df7030842480c62db513ff7bc8e3,,,NHL 99.pdf
docs/N64/Manuals/NHL Blades of Steel '99.pdf,https://archive.org/download/mister-manuals/1996_Nintendo%2064.zip/1996_Nintendo%2064%2FNHL%20Blades%20of%20Steel%20%2799.pdf,2277609,944bd235a406f0b533de78ebec6130cf,,,NHL Blades of Steel '99.pdf
docs/N64/Manuals/NHL Breakaway 98.pdf,https://archive.org/download/mister-manuals/1996_Nintendo%2064.zip/1996_Nintendo%2064%2FNHL%20Breakaway%2098.pdf,2966210,e066ed3513df1ca23bc08e23ff65011c,,,NHL Breakaway 98.pdf
docs/N64/Manuals/NHL Breakaway 99.pdf,https://archive.org/download/mister-manuals/1996_Nintendo%2064.zip/1996_Nintendo%2064%2FNHL%20Breakaway%2099.pdf,2849477,b2293f67eeb8522c2132a3f4e009f220,,,NHL Breakaway 99.pdf
docs/N64/Manuals/Nagano Winter Olympics '98.pdf,https://archive.org/download/mister-manuals/1996_Nintendo%2064.zip/1996_Nintendo%2064%2FNagano%20Winter%20Olympics%20%2798.pdf,2408189,192af218344e9f42fa778bff60ddead7,,,Nagano Winter Olympics '98.pdf
docs/N64/Manuals/Namco Museum 64.pdf,https://archive.org/download/mister-manuals/1996_Nintendo%2064.zip/1996_Nintendo%2064%2FNamco%20Museum%2064.pdf,2134835,e633c0a865c71ea13e1c746c0217e8bb,,,Namco Museum 64.pdf
"docs/N64/Manuals/New Tetris, The.pdf",https://archive.org/download/mister-manuals/1996_Nintendo%2064.zip/1996_Nintendo%2064%2FNew%20Tetris%2C%20The.pdf,1233542,955870962e4a51e6b806fe5ab3610400,,,"New Tetris, The.pdf"
docs/N64/Manuals/Nightmare Creatures.pdf,https://archive.org/download/mister-manuals/1996_Nintendo%2064.zip/1996_Nintendo%2064%2FNightmare%20Creatures.pdf,1991161,d2ba8b1b5a604dc13d841f8e3db39534,,,Nightmare Creatures.pdf
docs/N64/Manuals/Nuclear Strike 64.pdf,https://archive.org/download/mister-manuals/1996_Nintendo%2064.zip/1996_Nintendo%2064%2FNuclear%20Strike%2064.pdf,2093114,9d4b54e29634c0c02d57bdc701159dc1,,,Nuclear Strike 64.pdf
docs/N64/Manuals/Off Road Challenge.pdf,https://archive.org/download/mister-manuals/1996_Nintendo%2064.zip/1996_Nintendo%2064%2FOff%20Road%20Challenge.pdf,2465341,eead307e66cd4e116e77a553c8bdc9c6,,,Off Road Challenge.pdf
docs/N64/Manuals/Ogre Battle 64 - Person of Lordly Caliber.pdf,https://archive.org/download/mister-manuals/1996_Nintendo%2064.zip/1996_Nintendo%2064%2FOgre%20Battle%2064%20-%20Person%20of%20Lordly%20Caliber.pdf,7452279,55cc62460781ba9fbf04abc6319079e2,,,Ogre Battle 64 - Person of Lordly Caliber.pdf
docs/N64/Manuals/Olympic Hockey Nagano '98.pdf,https://archive.org/download/mister-manuals/1996_Nintendo%2064.zip/1996_Nintendo%2064%2FOlympic%20Hockey%20Nagano%20%2798.pdf,4740717,0011d3ee3be8cef74be2e820bb96bbbb,,,Olympic Hockey Nagano '98.pdf
docs/N64/Manuals/PGA European Tour.pdf,https://archive.org/download/mister-manuals/1996_Nintendo%2064.zip/1996_Nintendo%2064%2FPGA%20European%20Tour.pdf,2708672,bba9a8b0a53458297fd18b9627b7e166,,,PGA European Tour.pdf
docs/N64/Manuals/Paper Mario.pdf,https://archive.org/download/mister-manuals/1996_Nintendo%2064.zip/1996_Nintendo%2064%2FPaper%20Mario.pdf,3872354,ef31fb83417fe540f70574aa1ca4589a,,,Paper Mario.pdf
docs/N64/Manuals/Paperboy.pdf,https://archive.org/download/mister-manuals/1996_Nintendo%2064.zip/1996_Nintendo%2064%2FPaperboy.pdf,2123321,b3fd0a0e54ae4433f4a2855c2938ecad,,,Paperboy.pdf
docs/N64/Manuals/Penny Racers.pdf,https://archive.org/download/mister-manuals/1996_Nintendo%2064.zip/1996_Nintendo%2064%2FPenny%20Racers.pdf,3630343,22e52513d5cef7f847cd848181526f5b,,,Penny Racers.pdf
docs/N64/Manuals/Perfect Dark.pdf,https://archive.org/download/mister-manuals/1996_Nintendo%2064.zip/1996_Nintendo%2064%2FPerfect%20Dark.pdf,2305877,d4b0ce5e21917600a880cb243aaa3669,,,Perfect Dark.pdf
docs/N64/Manuals/Pilotwings 64.pdf,https://archive.org/download/mister-manuals/1996_Nintendo%2064.zip/1996_Nintendo%2064%2FPilotwings%2064.pdf,2442075,943b2e115587b3b0376b6dca31977046,,,Pilotwings 64.pdf
docs/N64/Manuals/Pokemon Puzzle League.pdf,https://archive.org/download/mister-manuals/1996_Nintendo%2064.zip/1996_Nintendo%2064%2FPokemon%20Puzzle%20League.pdf,2778801,f46017f8da9c0e122aad6253323a5eb5,,,Pokemon Puzzle League.pdf
docs/N64/Manuals/Pokemon Snap.pdf,https://archive.org/download/mister-manuals/1996_Nintendo%2064.zip/1996_Nintendo%2064%2FPokemon%20Snap.pdf,2581987,b402fa1b3c249acd8b367f4d1c09b781,,,Pokemon Snap.pdf
docs/N64/Manuals/Pokemon Stadium .pdf,https://archive.org/download/mister-manuals/1996_Nintendo%2064.zip/1996_Nintendo%2064%2FPokemon%20Stadium%20.pdf,4431558,45c931bbf3630440fd1f6a3b95cdc14f,,,Pokemon Stadium .pdf
docs/N64/Manuals/Pokemon Stadium 2.pdf,https://archive.org/download/mister-manuals/1996_Nintendo%2064.zip/1996_Nintendo%2064%2FPokemon%20Stadium%202.pdf,4883790,aece2e16c08f202c01fbeedf64b7a5be,,,Pokemon Stadium 2.pdf
docs/N64/Manuals/Polaris SnoCross.pdf,https://archive.org/download/mister-manuals/1996_Nintendo%2064.zip/1996_Nintendo%2064%2FPolaris%20SnoCross.pdf,2076564,68f258463713832b4af3ef7de11140fe,,,Polaris SnoCross.pdf
docs/N64/Manuals/Power Rangers - Lightspeed Rescue.pdf,https://archive.org/download/mister-manuals/1996_Nintendo%2064.zip/1996_Nintendo%2064%2FPower%20Rangers%20-%20Lightspeed%20Rescue.pdf,3488448,7801241e50df0efeaf7c8f9aa76762a6,,,Power Rangers - Lightspeed Rescue.pdf
"docs/N64/Manuals/Powerpuff Girls, The - Chemical X-Traction.pdf",https://archive.org/download/mister-manuals/1996_Nintendo%2064.zip/1996_Nintendo%2064%2FPowerpuff%20Girls%2C%20The%20-%20Chemical%20X-Traction.pdf,1063816,3d55c700e995e08a5394ad1a36c264b8,,,"Powerpuff Girls, The - Chemical X-Traction.pdf"
docs/N64/Manuals/Quake .pdf,https://archive.org/download/mister-manuals/1996_Nintendo%2064.zip/1996_Nintendo%2064%2FQuake%20.pdf,3081018,c26c2057b54915a8c8c59a6094c67e19,,,Quake .pdf
docs/N64/Manuals/Quake II.pdf,https://archive.org/download/mister-manuals/1996_Nintendo%2064.zip/1996_Nintendo%2064%2FQuake%20II.pdf,2885633,375b381706dabdf876fedf9106e5b198,,,Quake II.pdf
docs/N64/Manuals/Quest 64.pdf,https://archive.org/download/mister-manuals/1996_Nintendo%2064.zip/1996_Nintendo%2064%2FQuest%2064.pdf,2979546,f02ac797ffb004ec604bda6a0ccbda19,,,Quest 64.pdf
docs/N64/Manuals/Rakuga Kids.pdf,https://archive.org/download/mister-manuals/1996_Nintendo%2064.zip/1996_Nintendo%2064%2FRakuga%20Kids.pdf,2253773,1719e6f75940a8520f31a3bb5ca58bbf,,,Rakuga Kids.pdf
docs/N64/Manuals/Rally Challenge 2000.pdf,https://archive.org/download/mister-manuals/1996_Nintendo%2064.zip/1996_Nintendo%2064%2FRally%20Challenge%202000.pdf,3232139,252c487835e9753ccd92a7371f7f93a2,,,Rally Challenge 2000.pdf
docs/N64/Manuals/Rampage - World Tour.pdf,https://archive.org/download/mister-manuals/1996_Nintendo%2064.zip/1996_Nintendo%2064%2FRampage%20-%20World%20Tour.pdf,1758447,647e305e1c3466a34f5a57d5590d23a3,,,Rampage - World Tour.pdf
docs/N64/Manuals/Rampage 2 - Universal Tour.pdf,https://archive.org/download/mister-manuals/1996_Nintendo%2064.zip/1996_Nintendo%2064%2FRampage%202%20-%20Universal%20Tour.pdf,1930369,f37e428418fc33861583f86101a5f320,,,Rampage 2 - Universal Tour.pdf
docs/N64/Manuals/Rat Attack!.pdf,https://archive.org/download/mister-manuals/1996_Nintendo%2064.zip/1996_Nintendo%2064%2FRat%20Attack%21.pdf,3939149,1f194e33fc97539f18313dc8e998e9d1,,,Rat Attack!.pdf
docs/N64/Manuals/Rayman 2 - The Great Escape.pdf,https://archive.org/download/mister-manuals/1996_Nintendo%2064.zip/1996_Nintendo%2064%2FRayman%202%20-%20The%20Great%20Escape.pdf,2186134,383b1462205705e3866a6cdaf6bbea82,,,Rayman 2 - The Great Escape.pdf
docs/N64/Manuals/Razor Freestyle Scooter.pdf,https://archive.org/download/mister-manuals/1996_Nintendo%2064.zip/1996_Nintendo%2064%2FRazor%20Freestyle%20Scooter.pdf,2341871,2d18bcd997b4819c27b18e724c7c891a,,,Razor Freestyle Scooter.pdf
docs/N64/Manuals/Re-Volt.pdf,https://archive.org/download/mister-manuals/1996_Nintendo%2064.zip/1996_Nintendo%2064%2FRe-Volt.pdf,1691714,09d518a205a1695b7af886780dc73b0f,,,Re-Volt.pdf
docs/N64/Manuals/Ready 2 Rumble Boxing - Round 2.pdf,https://archive.org/download/mister-manuals/1996_Nintendo%2064.zip/1996_Nintendo%2064%2FReady%202%20Rumble%20Boxing%20-%20Round%202.pdf,2408876,5701911c9433db61d6be5386ee9ea87b,,,Ready 2 Rumble Boxing - Round 2.pdf
docs/N64/Manuals/Ready 2 Rumble Boxing .pdf,https://archive.org/download/mister-manuals/1996_Nintendo%2064.zip/1996_Nintendo%2064%2FReady%202%20Rumble%20Boxing%20.pdf,3556918,2b40aefcaab241ea6b361da45dac8748,,,Ready 2 Rumble Boxing .pdf
docs/N64/Manuals/Resident Evil 2.pdf,https://archive.org/download/mister-manuals/1996_Nintendo%2064.zip/1996_Nintendo%2064%2FResident%20Evil%202.pdf,1745432,f0547082578ac941c3c277284af3024e,,,Resident Evil 2.pdf
docs/N64/Manuals/Ridge Racer 64.pdf,https://archive.org/download/mister-manuals/1996_Nintendo%2064.zip/1996_Nintendo%2064%2FRidge%20Racer%2064.pdf,1799444,93af879037e9e742cba1509b0c476483,,,Ridge Racer 64.pdf
docs/N64/Manuals/Road Rash 64.pdf,https://archive.org/download/mister-manuals/1996_Nintendo%2064.zip/1996_Nintendo%2064%2FRoad%20Rash%2064.pdf,2738754,60bf398755bab3374fedf18a76f6b8f3,,,Road Rash 64.pdf
docs/N64/Manuals/Roadsters.pdf,https://archive.org/download/mister-manuals/1996_Nintendo%2064.zip/1996_Nintendo%2064%2FRoadsters.pdf,896109,e952089389363aa3f940eab7e8925da2,,,Roadsters.pdf
docs/N64/Manuals/Robotron 64.pdf,https://archive.org/download/mister-manuals/1996_Nintendo%2064.zip/1996_Nintendo%2064%2FRobotron%2064.pdf,1810193,cc856fd486b33836b1ebfe93029c97a3,,,Robotron 64.pdf
docs/N64/Manuals/Rocket - Robot on Wheels.pdf,https://archive.org/download/mister-manuals/1996_Nintendo%2064.zip/1996_Nintendo%2064%2FRocket%20-%20Robot%20on%20Wheels.pdf,1885141,cdce23c07d0bc31cdc2d1667543f7a86,,,Rocket - Robot on Wheels.pdf
docs/N64/Manuals/Rugrats - Scavenger Hunt.pdf,https://archive.org/download/mister-manuals/1996_Nintendo%2064.zip/1996_Nintendo%2064%2FRugrats%20-%20Scavenger%20Hunt.pdf,2489472,d4cdfcb48a9ee60b0fe694fef5549bdd,,,Rugrats - Scavenger Hunt.pdf
docs/N64/Manuals/Rugrats in Paris - The Movie.pdf,https://archive.org/download/mister-manuals/1996_Nintendo%2064.zip/1996_Nintendo%2064%2FRugrats%20in%20Paris%20-%20The%20Movie.pdf,2750075,e432403fcdf8e3bd6ff10d432fb1a155,,,Rugrats in Paris - The Movie.pdf
docs/N64/Manuals/Rush 2 - Extreme Racing USA.pdf,https://archive.org/download/mister-manuals/1996_Nintendo%2064.zip/1996_Nintendo%2064%2FRush%202%20-%20Extreme%20Racing%20USA.pdf,3209847,315bad804aa4b958a51f1fccf2a52eb8,,,Rush 2 - Extreme Racing USA.pdf
docs/N64/Manuals/S.C.A.R.S..pdf,https://archive.org/download/mister-manuals/1996_Nintendo%2064.zip/1996_Nintendo%2064%2FS.C.A.R.S..pdf,631170,a0341299747814c1fae755d6d0f1437c,,,S.C.A.R.S..pdf
docs/N64/Manuals/San Francisco Rush - Extreme Racing.pdf,https://archive.org/download/mister-manuals/1996_Nintendo%2064.zip/1996_Nintendo%2064%2FSan%20Francisco%20Rush%20-%20Extreme%20Racing.pdf,3200118,d8ce2dc347754e31feac67058c6b951b,,,San Francisco Rush - Extreme Racing.pdf
docs/N64/Manuals/San Francisco Rush 2049.pdf,https://archive.org/download/mister-manuals/1996_Nintendo%2064.zip/1996_Nintendo%2064%2FSan%20Francisco%20Rush%202049.pdf,2851619,4d38c00f5669e063dcec2b87980a7ef6,,,San Francisco Rush 2049.pdf
docs/N64/Manuals/Scooby Doo! - Classic Creep Capers.pdf,https://archive.org/download/mister-manuals/1996_Nintendo%2064.zip/1996_Nintendo%2064%2FScooby%20Doo%21%20-%20Classic%20Creep%20Capers.pdf,3367545,792752f9272a93163072735932da8375,,,Scooby Doo! - Classic Creep Capers.pdf
docs/N64/Manuals/Sesame Street - Elmo's Letter Adventure.pdf,https://archive.org/download/mister-manuals/1996_Nintendo%2064.zip/1996_Nintendo%2064%2FSesame%20Street%20-%20Elmo%27s%20Letter%20Adventure.pdf,1854849,9e29063accdc52506f60bbcabed8ac48,,,Sesame Street - Elmo's Letter Adventure.pdf
docs/N64/Manuals/Sesame Street - Elmo's Number Journey.pdf,https://archive.org/download/mister-manuals/1996_Nintendo%2064.zip/1996_Nintendo%2064%2FSesame%20Street%20-%20Elmo%27s%20Number%20Journey.pdf,2190169,6e6dafb37d983eda52f42c4b804c8e20,,,Sesame Street - Elmo's Number Journey.pdf
docs/N64/Manuals/Shadow Man.pdf,https://archive.org/download/mister-manuals/1996_Nintendo%2064.zip/1996_Nintendo%2064%2FShadow%20Man.pdf,3637612,846c1da2390a2978c3d5d97739c289d1,,,Shadow Man.pdf
docs/N64/Manuals/Shadowgate 64 - Trials of the Four Towers.pdf,https://archive.org/download/mister-manuals/1996_Nintendo%2064.zip/1996_Nintendo%2064%2FShadowgate%2064%20-%20Trials%20of%20the%20Four%20Towers.pdf,1983949,4dd1128ac682c077337e7db80be2b7d4,,,Shadowgate 64 - Trials of the Four Towers.pdf
docs/N64/Manuals/Sin and Punishment - Successor of the Earth.pdf,https://archive.org/download/mister-manuals/1996_Nintendo%2064.zip/1996_Nintendo%2064%2FSin%20and%20Punishment%20-%20Successor%20of%20the%20Earth.pdf,310838,102c0027016a635a7182302900f7cdaf,,,Sin and Punishment - Successor of the Earth.pdf
docs/N64/Manuals/Snowboard Kids .pdf,https://archive.org/download/mister-manuals/1996_Nintendo%2064.zip/1996_Nintendo%2064%2FSnowboard%20Kids%20.pdf,2334618,3bb6b34eeb912587f4d030ae78d5cc82,,,Snowboard Kids .pdf
docs/N64/Manuals/Snowboard Kids 2.pdf,https://archive.org/download/mister-manuals/1996_Nintendo%2064.zip/1996_Nintendo%2064%2FSnowboard%20Kids%202.pdf,4535402,83c3da91538571a1ce55255d0bce2353,,,Snowboard Kids 2.pdf
docs/N64/Manuals/South Park - Chef's Luv Shack.pdf,https://archive.org/download/mister-manuals/1996_Nintendo%2064.zip/1996_Nintendo%2064%2FSouth%20Park%20-%20Chef%27s%20Luv%20Shack.pdf,1768306,d38c2d99ed98643c47840e1e4cdfc967,,,South Park - Chef's Luv Shack.pdf
docs/N64/Manuals/South Park .pdf,https://archive.org/download/mister-manuals/1996_Nintendo%2064.zip/1996_Nintendo%2064%2FSouth%20Park%20.pdf,1822349,cf3dc674666f122aaa3804a45675bae1,,,South Park .pdf
docs/N64/Manuals/South Park Rally.pdf,https://archive.org/download/mister-manuals/1996_Nintendo%2064.zip/1996_Nintendo%2064%2FSouth%20Park%20Rally.pdf,2108476,385e256f2ed36ad884e71a98a2e6ffdf,,,South Park Rally.pdf
docs/N64/Manuals/Space Invaders.pdf,https://archive.org/download/mister-manuals/1996_Nintendo%2064.zip/1996_Nintendo%2064%2FSpace%20Invaders.pdf,1619503,840cac4864905d5cb8e0780d68af46ea,,,Space Invaders.pdf
docs/N64/Manuals/SpaceStation Silicon Valley.pdf,https://archive.org/download/mister-manuals/1996_Nintendo%2064.zip/1996_Nintendo%2064%2FSpaceStation%20Silicon%20Valley.pdf,1021612,4a652e164c5e23fc287a3b71c7a74641,,,SpaceStation Silicon Valley.pdf
docs/N64/Manuals/Spider-Man.pdf,https://archive.org/download/mister-manuals/1996_Nintendo%2064.zip/1996_Nintendo%2064%2FSpider-Man.pdf,2129601,dcb3162c90c88ac2794c44b5c6f90acc,,,Spider-Man.pdf
docs/N64/Manuals/Star Fox 64.pdf,https://archive.org/download/mister-manuals/1996_Nintendo%2064.zip/1996_Nintendo%2064%2FStar%20Fox%2064.pdf,2573105,824488966bde7a67d41c579b4e3c5f8b,,,Star Fox 64.pdf
docs/N64/Manuals/Star Soldier - Vanishing Earth.pdf,https://archive.org/download/mister-manuals/1996_Nintendo%2064.zip/1996_Nintendo%2064%2FStar%20Soldier%20-%20Vanishing%20Earth.pdf,2889771,789cd256ee50da02fa1dbe265ba8bae4,,,Star Soldier - Vanishing Earth.pdf
docs/N64/Manuals/Star Wars - Rogue Squadron.pdf,https://archive.org/download/mister-manuals/1996_Nintendo%2064.zip/1996_Nintendo%2064%2FStar%20Wars%20-%20Rogue%20Squadron.pdf,3819015,a4c0a1af3d48d6e012c5f362b3e3d1d5,,,Star Wars - Rogue Squadron.pdf
docs/N64/Manuals/Star Wars - Shadows of the Empire.pdf,https://archive.org/download/mister-manuals/1996_Nintendo%2064.zip/1996_Nintendo%2064%2FStar%20Wars%20-%20Shadows%20of%20the%20Empire.pdf,3063737,b749627fc33552675eeebc5dc20216b1,,,Star Wars - Shadows of the Empire.pdf
docs/N64/Manuals/Star Wars Episode I - Battle for Naboo.pdf,https://archive.org/download/mister-manuals/1996_Nintendo%2064.zip/1996_Nintendo%2064%2FStar%20Wars%20Episode%20I%20-%20Battle%20for%20Naboo.pdf,1548347,ee37d56a00043b82e4ad890f1c6999a0,,,Star Wars Episode I - Battle for Naboo.pdf
docs/N64/Manuals/Star Wars Episode I - Racer.pdf,https://archive.org/download/mister-manuals/1996_Nintendo%2064.zip/1996_Nintendo%2064%2FStar%20Wars%20Episode%20I%20-%20Racer.pdf,3207148,e8ec72752ad3f5b40724b4c3c05617f9,,,Star Wars Episode I - Racer.pdf
docs/N64/Manuals/StarCraft 64.pdf,https://archive.org/download/mister-manuals/1996_Nintendo%2064.zip/1996_Nintendo%2064%2FStarCraft%2064.pdf,4266245,957b5530b2daf3ce34f63822e9e2038a,,,StarCraft 64.pdf
docs/N64/Manuals/Starshot - Space Circus Fever.pdf,https://archive.org/download/mister-manuals/1996_Nintendo%2064.zip/1996_Nintendo%2064%2FStarshot%20-%20Space%20Circus%20Fever.pdf,1851685,ee349ac4968090ffa86a32546d6cbadb,,,Starshot - Space Circus Fever.pdf
docs/N64/Manuals/Stunt Racer 64.pdf,https://archive.org/download/mister-manuals/1996_Nintendo%2064.zip/1996_Nintendo%2064%2FStunt%20Racer%2064.pdf,4353160,78e173e95207a8b9a4829c53135576b5,,,Stunt Racer 64.pdf
docs/N64/Manuals/Super Bowling.pdf,https://archive.org/download/mister-manuals/1996_Nintendo%2064.zip/1996_Nintendo%2064%2FSuper%20Bowling.pdf,2493736,d1d24b24da1dcecd980d3370ca0d67c9,,,Super Bowling.pdf
docs/N64/Manuals/Super Mario 64.pdf,https://archive.org/download/mister-manuals/1996_Nintendo%2064.zip/1996_Nintendo%2064%2FSuper%20Mario%2064.pdf,2277935,032e14b13c9f9249e2b0a4a9aafe2da0,,,Super Mario 64.pdf
docs/N64/Manuals/Super Smash Bros..pdf,https://archive.org/download/mister-manuals/1996_Nintendo%2064.zip/1996_Nintendo%2064%2FSuper%20Smash%20Bros..pdf,2150780,d430ed2eb908309e21e1a4ba33ffec40,,,Super Smash Bros..pdf
docs/N64/Manuals/Supercross 2000.pdf,https://archive.org/download/mister-manuals/1996_Nintendo%2064.zip/1996_Nintendo%2064%2FSupercross%202000.pdf,2075290,f2f29937619ded505c496df35229aec6,,,Supercross 2000.pdf
docs/N64/Manuals/Superman.pdf,https://archive.org/download/mister-manuals/1996_Nintendo%2064.zip/1996_Nintendo%2064%2FSuperman.pdf,3167104,093886b8836d4919850bd196ff528139,,,Superman.pdf
docs/N64/Manuals/Tarzan.pdf,https://archive.org/download/mister-manuals/1996_Nintendo%2064.zip/1996_Nintendo%2064%2FTarzan.pdf,3013371,fa84f530bb116116a7e28dde577a46f7,,,Tarzan.pdf
docs/N64/Manuals/Taz Express.pdf,https://archive.org/download/mister-manuals/1996_Nintendo%2064.zip/1996_Nintendo%2064%2FTaz%20Express.pdf,1995867,5a6f23c640c23ceafc5c9ad28e5c8c78,,,Taz Express.pdf
docs/N64/Manuals/Tetrisphere.pdf,https://archive.org/download/mister-manuals/1996_Nintendo%2064.zip/1996_Nintendo%2064%2FTetrisphere.pdf,1804984,c65464318ccb9f3b14dd836ef952d417,,,Tetrisphere.pdf
docs/N64/Manuals/Tigger's Honey Hunt.pdf,https://archive.org/download/mister-manuals/1996_Nintendo%2064.zip/1996_Nintendo%2064%2FTigger%27s%20Honey%20Hunt.pdf,2304195,31087a4f43d3e9a92eb607878b223134,,,Tigger's Honey Hunt.pdf
docs/N64/Manuals/Tom Clancy's Rainbow Six.pdf,https://archive.org/download/mister-manuals/1996_Nintendo%2064.zip/1996_Nintendo%2064%2FTom%20Clancy%27s%20Rainbow%20Six.pdf,2836255,82e77f014b191f73b745cef69f0e2527,,,Tom Clancy's Rainbow Six.pdf
docs/N64/Manuals/Tom and Jerry in Fists of Furry.pdf,https://archive.org/download/mister-manuals/1996_Nintendo%2064.zip/1996_Nintendo%2064%2FTom%20and%20Jerry%20in%20Fists%20of%20Furry.pdf,1177504,6ad50894340f2712873f848aa367d0ff,,,Tom and Jerry in Fists of Furry.pdf
docs/N64/Manuals/Tonic Trouble.pdf,https://archive.org/download/mister-manuals/1996_Nintendo%2064.zip/1996_Nintendo%2064%2FTonic%20Trouble.pdf,1963005,a34b8907c6ddc915a46c84227e47cbbc,,,Tonic Trouble.pdf
docs/N64/Manuals/Tony Hawk's Pro Skater .pdf,https://archive.org/download/mister-manuals/1996_Nintendo%2064.zip/1996_Nintendo%2064%2FTony%20Hawk%27s%20Pro%20Skater%20.pdf,1975353,32ca7fe121715c6371dff2b67e65200e,,,Tony Hawk's Pro Skater .pdf
docs/N64/Manuals/Tony Hawk's Pro Skater 2.pdf,https://archive.org/download/mister-manuals/1996_Nintendo%2064.zip/1996_Nintendo%2064%2FTony%20Hawk%27s%20Pro%20Skater%202.pdf,2621057,fd0b756432d77151422ee0b108627610,,,Tony Hawk's Pro Skater 2.pdf
docs/N64/Manuals/Tony Hawk's Pro Skater 3.pdf,https://archive.org/download/mister-manuals/1996_Nintendo%2064.zip/1996_Nintendo%2064%2FTony%20Hawk%27s%20Pro%20Skater%203.pdf,4516973,37233e97fd2e1094fd6841370137ac30,,,Tony Hawk's Pro Skater 3.pdf
docs/N64/Manuals/Top Gear Hyper-Bike.pdf,https://archive.org/download/mister-manuals/1996_Nintendo%2064.zip/1996_Nintendo%2064%2FTop%20Gear%20Hyper-Bike.pdf,1892534,bfa576977aa251d3117fd84d519e5add,,,Top Gear Hyper-Bike.pdf
docs/N64/Manuals/Top Gear Overdrive.pdf,https://archive.org/download/mister-manuals/1996_Nintendo%2064.zip/1996_Nintendo%2064%2FTop%20Gear%20Overdrive.pdf,3031138,1ad1303820c18a5f308b383c6e77f501,,,Top Gear Overdrive.pdf
docs/N64/Manuals/Top Gear Rally .pdf,https://archive.org/download/mister-manuals/1996_Nintendo%2064.zip/1996_Nintendo%2064%2FTop%20Gear%20Rally%20.pdf,2427424,cd83f7126c3671c0303df83587d85d8d,,,Top Gear Rally .pdf
docs/N64/Manuals/Top Gear Rally 2.pdf,https://archive.org/download/mister-manuals/1996_Nintendo%2064.zip/1996_Nintendo%2064%2FTop%20Gear%20Rally%202.pdf,1242550,c60b7965d14e1b882835c08c3ceee61d,,,Top Gear Rally 2.pdf
docs/N64/Manuals/Toy Story 2.pdf,https://archive.org/download/mister-manuals/1996_Nintendo%2064.zip/1996_Nintendo%2064%2FToy%20Story%202.pdf,2060059,ef2a90eef28bf19a7debb8c56487299f,,,Toy Story 2.pdf
docs/N64/Manuals/Transformers - Beast Wars Transmetals.pdf,https://archive.org/download/mister-manuals/1996_Nintendo%2064.zip/1996_Nintendo%2064%2FTransformers%20-%20Beast%20Wars%20Transmetals.pdf,3502556,ac81e2b272c5e50cb08a0d1b4645d740,,,Transformers - Beast Wars Transmetals.pdf
docs/N64/Manuals/Triple Play 2000.pdf,https://archive.org/download/mister-manuals/1996_Nintendo%2064.zip/1996_Nintendo%2064%2FTriple%20Play%202000.pdf,2361025,1271f9372f98bd1db69f89fe29547eff,,,Triple Play 2000.pdf
docs/N64/Manuals/Turok - Dinosaur Hunter.pdf,https://archive.org/download/mister-manuals/1996_Nintendo%2064.zip/1996_Nintendo%2064%2FTurok%20-%20Dinosaur%20Hunter.pdf,3822669,f39a1e0af7849cc6956fa0c49aa32c42,,,Turok - Dinosaur Hunter.pdf
docs/N64/Manuals/Turok - Rage Wars.pdf,https://archive.org/download/mister-manuals/1996_Nintendo%2064.zip/1996_Nintendo%2064%2FTurok%20-%20Rage%20Wars.pdf,2478974,26914a365f3e92cf08f07c373b3bd03e,,,Turok - Rage Wars.pdf
docs/N64/Manuals/Turok 2 - Seeds of Evil.pdf,https://archive.org/download/mister-manuals/1996_Nintendo%2064.zip/1996_Nintendo%2064%2FTurok%202%20-%20Seeds%20of%20Evil.pdf,2801376,d74dda6ce7e251ed6acf0e0ebf4adf63,,,Turok 2 - Seeds of Evil.pdf
docs/N64/Manuals/Turok 3 - Shadow of Oblivion.pdf,https://archive.org/download/mister-manuals/1996_Nintendo%2064.zip/1996_Nintendo%2064%2FTurok%203%20-%20Shadow%20of%20Oblivion.pdf,2940374,64649f6bf37193f47c6b47cf6d9553eb,,,Turok 3 - Shadow of Oblivion.pdf
docs/N64/Manuals/Twisted Edge - Extreme Snowboarding.pdf,https://archive.org/download/mister-manuals/1996_Nintendo%2064.zip/1996_Nintendo%2064%2FTwisted%20Edge%20-%20Extreme%20Snowboarding.pdf,2111368,d0ed3ee95591c8b16226f33920cd3993,,,Twisted Edge - Extreme Snowboarding.pdf
docs/N64/Manuals/V-Rally - Edition 99.pdf,https://archive.org/download/mister-manuals/1996_Nintendo%2064.zip/1996_Nintendo%2064%2FV-Rally%20-%20Edition%2099.pdf,1330532,dce0c1b3577b4fbf43487ca59d2dc1a8,,,V-Rally - Edition 99.pdf
docs/N64/Manuals/Vigilante 8 - 2nd Offense.pdf,https://archive.org/download/mister-manuals/1996_Nintendo%2064.zip/1996_Nintendo%2064%2FVigilante%208%20-%202nd%20Offense.pdf,1929287,003c1916717fd0e95174dd55f4fd834d,,,Vigilante 8 - 2nd Offense.pdf
docs/N64/Manuals/Vigilante 8 .pdf,https://archive.org/download/mister-manuals/1996_Nintendo%2064.zip/1996_Nintendo%2064%2FVigilante%208%20.pdf,2342321,6384aa508d945bd470c527cf20bd73b4,,,Vigilante 8 .pdf
docs/N64/Manuals/Virtual Chess 64.pdf,https://archive.org/download/mister-manuals/1996_Nintendo%2064.zip/1996_Nintendo%2064%2FVirtual%20Chess%2064.pdf,1533790,41513300c57a84ed3a6a427d9b97d4a8,,,Virtual Chess 64.pdf
docs/N64/Manuals/Virtual Pool 64.pdf,https://archive.org/download/mister-manuals/1996_Nintendo%2064.zip/1996_Nintendo%2064%2FVirtual%20Pool%2064.pdf,2512877,c57822b29ce9c587cbec5d0b9790daf4,,,Virtual Pool 64.pdf
docs/N64/Manuals/WCW Backstage Assault.pdf,https://archive.org/download/mister-manuals/1996_Nintendo%2064.zip/1996_Nintendo%2064%2FWCW%20Backstage%20Assault.pdf,2505982,f42bf14457b9704cbf5cb88228935f54,,,WCW Backstage Assault.pdf
docs/N64/Manuals/WCW Mayhem.pdf,https://archive.org/download/mister-manuals/1996_Nintendo%2064.zip/1996_Nintendo%2064%2FWCW%20Mayhem.pdf,2516884,65002a4e3bfa2ded3b1cb73baecb3612,,,WCW Mayhem.pdf
docs/N64/Manuals/WCW Nitro.pdf,https://archive.org/download/mister-manuals/1996_Nintendo%2064.zip/1996_Nintendo%2064%2FWCW%20Nitro.pdf,2437640,29d678073efac49bb3f18698f561c34f,,,WCW Nitro.pdf
docs/N64/Manuals/WCW vs. nWo - World Tour.pdf,https://archive.org/download/mister-manuals/1996_Nintendo%2064.zip/1996_Nintendo%2064%2FWCW%20vs.%20nWo%20-%20World%20Tour.pdf,2838468,519e7eebec0fbf782995a18e3f4f4608,,,WCW vs. nWo - World Tour.pdf
docs/N64/Manuals/WCW-nWo Revenge.pdf,https://archive.org/download/mister-manuals/1996_Nintendo%2064.zip/1996_Nintendo%2064%2FWCW-nWo%20Revenge.pdf,3696464,6a783ddb3363a0c2c192d3e21cf945cb,,,WCW-nWo Revenge.pdf
docs/N64/Manuals/WWF Attitude.pdf,https://archive.org/download/mister-manuals/1996_Nintendo%2064.zip/1996_Nintendo%2064%2FWWF%20Attitude.pdf,2677803,7a5178e781cbb901bb1fa097969cb621,,,WWF Attitude.pdf
docs/N64/Manuals/WWF No Mercy.pdf,https://archive.org/download/mister-manuals/1996_Nintendo%2064.zip/1996_Nintendo%2064%2FWWF%20No%20Mercy.pdf,4152920,59f00c1a019260ae660cff26a11551ec,,,WWF No Mercy.pdf
docs/N64/Manuals/WWF War Zone.pdf,https://archive.org/download/mister-manuals/1996_Nintendo%2064.zip/1996_Nintendo%2064%2FWWF%20War%20Zone.pdf,1993326,3d781abfcbd337d6470f4b66e9d53579,,,WWF War Zone.pdf
docs/N64/Manuals/WWF WrestleMania 2000.pdf,https://archive.org/download/mister-manuals/1996_Nintendo%2064.zip/1996_Nintendo%2064%2FWWF%20WrestleMania%202000.pdf,3523241,70faebeb640b782ea5c2648414967882,,,WWF WrestleMania 2000.pdf
docs/N64/Manuals/Waialae Country Club - True Golf Classics.pdf,https://archive.org/download/mister-manuals/1996_Nintendo%2064.zip/1996_Nintendo%2064%2FWaialae%20Country%20Club%20-%20True%20Golf%20Classics.pdf,1320521,50c16a1f01c946f9243ef9a87e58d34a,,,Waialae Country Club - True Golf Classics.pdf
docs/N64/Manuals/War Gods.pdf,https://archive.org/download/mister-manuals/1996_Nintendo%2064.zip/1996_Nintendo%2064%2FWar%20Gods.pdf,1860509,63203c0234e4e6cb99a1420ee06534eb,,,War Gods.pdf
docs/N64/Manuals/Wave Race 64.pdf,https://archive.org/download/mister-manuals/1996_Nintendo%2064.zip/1996_Nintendo%2064%2FWave%20Race%2064.pdf,2614178,761f09a062325e52ea7e0c88d5c4d926,,,Wave Race 64.pdf
docs/N64/Manuals/Wayne Gretzky's 3D Hockey '98.pdf,https://archive.org/download/mister-manuals/1996_Nintendo%2064.zip/1996_Nintendo%2064%2FWayne%20Gretzky%27s%203D%20Hockey%20%2798.pdf,3533172,015c614c8d4031ecda0177b0c05d73a4,,,Wayne Gretzky's 3D Hockey '98.pdf
docs/N64/Manuals/Wayne Gretzky's 3D Hockey .pdf,https://archive.org/download/mister-manuals/1996_Nintendo%2064.zip/1996_Nintendo%2064%2FWayne%20Gretzky%27s%203D%20Hockey%20.pdf,3701199,1fb0c353f8d9dab3768240b41286c38c,,,Wayne Gretzky's 3D Hockey .pdf
docs/N64/Manuals/Wetrix.pdf,https://archive.org/download/mister-manuals/1996_Nintendo%2064.zip/1996_Nintendo%2064%2FWetrix.pdf,2049668,096d01a8d1a8151ab71ad97f85b8609c,,,Wetrix.pdf
docs/N64/Manuals/Wheel of Fortune.pdf,https://archive.org/download/mister-manuals/1996_Nintendo%2064.zip/1996_Nintendo%2064%2FWheel%20of%20Fortune.pdf,1328585,93a3e5b7b6fb889dbf0dfbb21d328557,,,Wheel of Fortune.pdf
docs/N64/Manuals/WinBack - Covert Operations.pdf,https://archive.org/download/mister-manuals/1996_Nintendo%2064.zip/1996_Nintendo%2064%2FWinBack%20-%20Covert%20Operations.pdf,3307239,7e15bdfa86c20c7827c26651a4580c6e,,,WinBack - Covert Operations.pdf
docs/N64/Manuals/Wipeout 64.pdf,https://archive.org/download/mister-manuals/1996_Nintendo%2064.zip/1996_Nintendo%2064%2FWipeout%2064.pdf,2725629,4929a1e95f87ad7998fa5534ff48c878,,,Wipeout 64.pdf
docs/N64/Manuals/World Cup 98.pdf,https://archive.org/download/mister-manuals/1996_Nintendo%2064.zip/1996_Nintendo%2064%2FWorld%20Cup%2098.pdf,1948893,a4f17e8e6ae09e075236a88ec98ff5b3,,,World Cup 98.pdf
docs/N64/Manuals/World Driver Championship.pdf,https://archive.org/download/mister-manuals/1996_Nintendo%2064.zip/1996_Nintendo%2064%2FWorld%20Driver%20Championship.pdf,2619310,9cee2a2807968e870326f8fe041d6b12,,,World Driver Championship.pdf
docs/N64/Manuals/Worms Armageddon.pdf,https://archive.org/download/mister-manuals/1996_Nintendo%2064.zip/1996_Nintendo%2064%2FWorms%20Armageddon.pdf,2213125,c065e3cff83cfd367a6a58ace0d4921a,,,Worms Armageddon.pdf
docs/N64/Manuals/Xena Warrior Princess - The Talisman of Fate.pdf,https://archive.org/download/mister-manuals/1996_Nintendo%2064.zip/1996_Nintendo%2064%2FXena%20Warrior%20Princess%20-%20The%20Talisman%20of%20Fate.pdf,1422418,9086a516c775230a3b5031750d72a448,,,Xena Warrior Princess - The Talisman of Fate.pdf
docs/N64/Manuals/Yoshi's Story.pdf,https://archive.org/download/mister-manuals/1996_Nintendo%2064.zip/1996_Nintendo%2064%2FYoshi%27s%20Story.pdf,2486060,d226be9ddd460c02a77ba71eed2d5871,,,Yoshi's Story.pdf
